id,name,import_type_id,import_state,messages,discriminator,created_at,created_by,updated_at,updated_by
f69c66bd-7ae0-4a80-b500-2499af48223a,,96cb830d-56dd-423b-89c8-b4034e3a8031,,,,,,,
0b3d8b91-5203-4172-b9a3-b159b26ba450,,a0d91456-6082-49ec-9788-17394fb12ec2,,,,,,,
74e9d2b1-019b-4c42-94be-842f45cda40c,,7511080d-d7cc-42cc-a6df-fd78556407c8,,,,,,,
7c2e9430-e222-47ca-9700-6655c7003bf9,,4c24d34c-8b6d-46eb-a67b-5fd2a08df9d3,,,,,,,
e3b14641-b6ac-4dbd-bd10-68ed155b5418,,557f0845-bb85-4ba3-8ea8-12c9ce4dadd8,,,,,,,
b9edfb51-7a7c-4cf6-887e-04b7f3c42b0e,,0ef768d0-6bb5-40a2-be4e-07986d03ebd6,,,,,,,
ccd35649-52f5-4f25-86de-66c181a6245f,,4f3ca146-e430-49b3-ba33-1c014d86238c,,,,,,,
42c0b055-73e0-4cfe-8eb8-9c5fe0df95d1,,db7abc67-c618-4099-a7c6-4ecaf4db1491,,,,,,,
1a410200-943a-41e8-b8f5-cff000ebae4e,,7511080d-d7cc-42cc-a6df-fd78556407c8,,,,,,,
1182cf75-7ced-49ea-af2b-350ca6e1cac1,,9efdce38-71ed-4457-9e16-844a35cb12e5,,,,,,,
51a312fd-d2f5-4c52-8f3e-f6b8780879d7,,8a5f849b-90ae-4e11-a4cb-d14a1fb8c50c,,,,,,,
03356336-07ce-472f-98d0-0e1a65022156,,556a8363-d2d1-44a3-892a-a27bdbb8ad9f,,,,,,,
2977b8a6-0235-4620-be80-c82f76684dbf,,8ce260ce-d11d-4818-b475-cb4d5b65da3f,,,,,,,
9731c487-d020-4f28-9d82-ed1144cb047a,,6fc5af1f-249b-4f0c-9979-5ff524ee9b2b,,,,,,,
3a18d285-f17c-493b-aa9a-13da322e7fb2,,cbdd0b6d-22fe-467a-ab20-8e345b22d542,,,,,,,
ab52978b-cdca-4a1f-a139-616904712222,,ab752879-9879-41e4-ac52-d1f9002b1edf,,,,,,,
d1c0287e-25a5-443e-aef8-f7a2ed912da3,,73e57922-0b6d-4a18-b009-18e8efa4d197,,,,,,,
13cee312-c018-4fc8-af54-2476b6be18d1,,6e018725-c13c-4eae-b330-4dd14ae6d7ae,,,,,,,
4b0411a0-0ed7-4a8c-92c2-06ed1f7aed61,,0073cd65-76b0-45f7-96b8-6285ca068966,,,,,,,
b8724c4e-af44-4001-9855-14b3d43ae938,,0073cd65-76b0-45f7-96b8-6285ca068966,,,,,,,
b309dd83-6284-4a62-ad51-6a0dea3bc987,,6e018725-c13c-4eae-b330-4dd14ae6d7ae,,,,,,,
9ff6140a-360f-479c-b050-01473b54cfab,,0a782309-5726-4b71-b479-cfb124dbb8a6,,,,,,,
9fce9d41-b9c0-42d4-b20f-651019110282,,cc48336c-5dfa-4db3-8977-05d2f624a0bd,,,,,,,
4d251900-adc2-4444-8b99-5965cf76d73b,,339a1e3d-4705-4e6b-abe7-2acbd7d0171a,,,,,,,
41a440be-e8f1-4ce3-a1a3-41bbd59315f3,,190f6297-a901-44c8-8529-7ab4e552dc53,,,,,,,
