contacts_id,organizations_id
42d870de-f962-42b4-b5f8-9ae552b1cdb5,3a534840-d2f9-4607-aa73-fc0202d8e866
2ce336cf-5bf1-48b0-a2b9-fff26b55c48c,a669a1c6-1ba6-4b2b-908e-7804166702c1
14e4620c-90fa-4fe5-a8ea-6ec517a9ef25,954bc912-b8f3-4bbc-920e-e790f6db71b6
b77724ef-4206-4626-b542-4e8d66e3b58b,8587edfb-82a5-4036-807c-5948793ed03e
79091f22-ea21-4158-a9fb-7e9d82ca3323,69b4a3ac-8564-4c5e-98b5-fd53e82120d4
38d3ef5c-23c5-4ff2-9858-ee8a4fa614a9,3c381d58-dd03-4e8f-b327-3d2e4381c9e8
35013655-8181-497a-91f3-ffea16f7a26e,3c9a3804-2cad-4fe3-a3df-8660cbdf8e9a
9e383931-7984-4183-8b1b-3df6ed028de4,3c9a3804-2cad-4fe3-a3df-8660cbdf8e9a
6c314144-380e-403e-9e60-4938d467ffce,0e8d017a-63ea-4c8c-afe0-51087bde0b2a
2998802e-0439-42fc-bd2c-bb9ddc4aaa2a,54d3e7c3-41c3-4b9d-8c7f-9e57adbf9727
bce9bb12-356a-4f90-8a78-f375fcd08cc0,bee01a04-8c07-4e10-8c1e-23c43567a69f
d89515c8-34cb-4018-9034-095706088c22,ce65fee7-caa0-4fc3-b4af-20e412b4f3ea
c6286675-cd7a-4fcd-ae22-6c1e47e3c405,ede79236-56e0-4d99-8449-d800b7e6ea15
c15d7653-6368-461d-80fd-5da629844a66,e6ef73b1-cf8f-4a98-aa61-b11b91de7a40
9e383931-7984-4183-8b1b-3df6ed028de4,be562684-3423-4787-8c4a-2f61408d6664
945338a1-547e-4616-a18c-5fdc74903309,3adf203a-3092-4aa7-b724-4e841004fb7e
a6299918-094b-414e-b1ae-feb443697e5d,08fbf4c5-8f70-47a3-8081-98b51a539da5
84998fa2-c744-464d-a325-95a582dd2e8e,33227840-99a6-4175-a66c-adc3a1a208a1
0c5bb140-8dcc-4c76-ab41-d78c2dd9c11b,976778b1-66b1-47d7-9a85-25992a6d2c14
5aae7db0-973a-499f-94d7-dff983c4aad1,1789bec2-d05b-442e-ac83-5549472a170e
a9a46ebd-2a6d-40dd-8c47-94337e5716d4,3a534840-d2f9-4607-aa73-fc0202d8e866
33831ce4-3047-4d2c-a3cd-c9ca76dfccbe,b71a95c0-7ef5-4e0e-b72e-8439272a710e
c2b40680-ed8c-413b-80e8-9fdb05ee35a2,84a9ce33-562f-4e20-a832-66d6d3c0aba6
01feef3d-ac8b-4cef-8fdf-1d9161e991ca,effa45ec-1266-4201-9bf6-65d432831eba
fddfdc86-af1c-4042-993c-e907e15a808d,cb0f714e-b2e8-425e-8bab-ede4e04e8c65
